{"cameraMode":{"drawMode":0,"name":"Shaded","section":"Shading Mode"},"sceneLighting":false,"audioPlay":false,"sceneViewState":{"showFog":true,"showMaterialUpdate":false,"showSkybox":false,"showFlares":true,"showImageEffects":true,"showParticleSystems":true},"in2DMode":false,"pivot":{"x":0.0,"y":-0.000843442976474762,"z":0.06855759024620056},"rotation":{"x":-0.10250194370746613,"y":0.7797240614891052,"z":-0.13251051306724549,"w":-0.6034139394760132},"size":0.15831120312213899,"orthographic":false}