{"cameraMode":{"drawMode":0,"name":"Shaded","section":"Shading Mode"},"sceneLighting":false,"audioPlay":false,"sceneViewState":{"showFog":true,"showMaterialUpdate":false,"showSkybox":false,"showFlares":true,"showImageEffects":true,"showParticleSystems":true},"in2DMode":false,"pivot":{"x":15.375593185424805,"y":4.744944095611572,"z":25.76612091064453},"rotation":{"x":0.41889092326164248,"y":0.11598430573940277,"z":-0.05349411815404892,"w":0.8991721272468567},"size":3.2660908699035646,"orthographic":false}