{"cameraMode":{"drawMode":0,"name":"Shaded","section":"Shading Mode"},"sceneLighting":false,"audioPlay":false,"sceneViewState":{"showFog":true,"showMaterialUpdate":false,"showSkybox":false,"showFlares":true,"showImageEffects":true,"showParticleSystems":true},"in2DMode":false,"pivot":{"x":0.19624148309230805,"y":0.03662453964352608,"z":-0.0228620283305645},"rotation":{"x":0.17469879984855653,"y":-0.8252703547477722,"z":0.3778492212295532,"w":0.3818608522415161},"size":0.17217841744422913,"orthographic":false}