{"cameraMode":{"drawMode":0,"name":"Shaded","section":"Shading Mode"},"sceneLighting":false,"audioPlay":false,"sceneViewState":{"showFog":true,"showMaterialUpdate":false,"showSkybox":false,"showFlares":true,"showImageEffects":true,"showParticleSystems":true},"in2DMode":false,"pivot":{"x":-12.070901870727539,"y":0.1720595359802246,"z":7.648512840270996},"rotation":{"x":0.08444030582904816,"y":0.21268360316753388,"z":-0.01787704788148403,"w":0.9734541773796082},"size":1.46992027759552,"orthographic":false}